assay,gene,class,forward,reverse
AY1,16S rRNA,16s,ATGGYTGTCGTCAGCTCGTG,GGGTTGCGCTCGTTGC
AY386,aac(6')I1,aminoglycoside,GGGAATTATCGGAATAGCTCTTGG,TTGGGCTGTTCTTCCTAGCTAA
AY410,aadA1_2,aminoglycoside,TGTACGGCTCCGCAGTG,CACGGAATGATGTCGTCGTG
AY409,aadA16,aminoglycoside,ACGGTGGCCTGAAGCC,GAATTGCAGTTCCCGTCTGG
AY331,aadA2_3,aminoglycoside,CAATGACATTCTTGCGGGTATC,GACCTACCAAGGCAACGCTATG
AY416,ant6-ib,aminoglycoside,AGAACATCCGACAGCACGTTC,CCAACCTTCCATGAAATCATTCGC
AY418,aph(3'')-ia,aminoglycoside,TAACAGCGATCGCGTATTTCG,TCCGACTCGTCCAACATCAATA
AY389,aph6-ia,aminoglycoside,CGCTGGGAGCTGAAGAGG,AGCATCGTGCTGCTCTCC
AY24,strB,aminoglycoside,GCTCGGTCGTGAGAACAATCT,CAATTTCGGTCGCCTGGTAGT
AY432,blaCTX-M,beta-lactam,CGTACCGAGCCGACGTTAA,CAACCCAGGAAGCAGGCA
AY134,blaCTX-M_5,beta-lactam,GCGATAACGTGGCGATGAAT,GTCGAGACGGAACGTTTCGT
AY125,blaGES,beta-lactam,GCAATGTGCTCAACGTTCAAG,GTGCCTGAGTCAATTCTTTCAAAG
AY152,blaNDM,beta-lactam,GGCCACACCAGTGACAATATCA,CAGGCAGCCACCAAAAGC
AY601,blaOXA48,beta-lactam,TGTTTTTGGTGGCATCGAT,GTAAMRATGCTTGGTTCGC
AY438,blaSHV11,beta-lactam,TTGACCGCTGGGAAACGG,TCCGGTCTTATCGGCGATAAAC
AY439,blaTEM,beta-lactam,CGCCGCATACACTATTCTCAG,GCTTCATTCAGCTCCGGTTC
AY115,cepA,beta-lactam,AGTTGCGCAGAACAGTCCTCTT,TCGTATCTTGCCCGTCGATAAT
AY111,cphA_1,beta-lactam,GCGAGCTGCACAAGCTGAT,CGGCCCAGTCGCTCTTC
AY138,penA,beta-lactam,AGACGGTAACGTATAACTTTTTGAAAGA,GCGTGTAGCCGGCAATG
AY339,blaCMY_2,beta-lactam,AAAGCCTCAT GGGTGCATAAA,ATAGCTTTTGTTTGCCAGCATCA
AY207,acrA_1,mdr,GGTCTATCACCCTACGCGCTATC,GCGCGCACGAACATACC
AY490,arsA,mdr,CAGGTCAGCCGCATCAACC,GCCTGAAACACGGCAATTTCTTC
AY492,copA,mdr,TGCACCTGACVGGSCAYAT,GVACTTCRCGGAACATRCC
AY493,czcA,mdr,GCCTTGTTCATCGGCGAAC,GGCAATGTCGCCTTCGTTC
AY211,mdtE,mdr,CGTCGGCGCACTCGTT,TCCAGACGTTGTACGGTAACCA
AY228,mexE,mdr,GGTCAGCACCGACAAGGTCTAC,AGCTCGACGTACTTGAGGAACAC
AY224,oprD,mdr,ATGAAGTGGAGCGCCATTG,GGCCACGGCGAACTGA
AY495,pcoA,mdr,TGGCGTATGGAGTTTCAATGC,GAATAATGCCGTGCCAGTGAA
AY489,qacF/H,mdr,CTGAAGTCTAGCCATGGATTCACTAG,CAAGCAATAGCTGCCACAAGC
AY353,tolC_2,mdr,CAGGCAGAGAACCTGATGCA,CGCAATTCCGGGTTGCT
AY226,ttgA,mdr,ACGCCAATGCCAAACGATT,GTCACGGCGCAGCTTGA
AY309,ISPps,mge_integrons,CACACTGCAAAAACGCATCCT,TGTCTTTGGCGTCACAGTTCTC
AY300,tnpA_2,mge_integrons,CCGATCACGGAAAGCTCAAG,GGCTCGCATGACTTCGAATC
AY528,ereA,macrolide_lincosamide,GATAATTCTGCTGGCGCACA,GCAGGCGTGGTCACAAC
AY533,ermB_2,macrolide_lincosamide,GAACACTAGGGTTGTTCTTGCA,CTGGAACATCTGTGGTATGGC
AY545,ermC_2,macrolide_lincosamide,CCCTTGAATTAGTACAGAGGTG,GCAAACTCGTATTCCACGA
AY46,ermF_1,macrolide_lincosamide,CAGCTTTGGTTGAACATTTACGAA,AAATTCCTAAAATCACAACCGACAA
AY536,lnuB,macrolide_lincosamide,GGATCGTTTACCAAAGGAGAAGG,AGCATAGCCTTCGTATCAGGAA
AY537,lnuC,macrolide_lincosamide,GGGTGTAGATGCTCTTCTTGGA,CTTTACCCGAAAGAGTTTCTACCG
AY538,mefA,macrolide_lincosamide,TAATTATCGCAGCAGCTGGTTC,GTTCCCAAACGGAGTATAAGAGTG
AY553,msrE,macrolide_lincosamide,CGGCAGATGGTCTGAGCTTAAA,CGCACTCTTCCTGCATAAAGGA
AY465,bacA,other,ATCCGCGGCACCCTGA,CCTGCTTGATGGACTTGATGAAGA
AY472,fabK,other,CAGGAGCAGGAAATCCAAGC,CCAGCTTCCATTCCTTCTGC
AY466,mcr1,other,CACATCGACGGCGTATTCTG,CAACGAGCATACCGACATCG
AY191,merA,other,GTGCCGTCCAAGATCATG,GGTGGAAGTCCAGTAGGGTGA
AY188,nimE,glycopeptide_metronidazole,TGCGCCAAGATAGGGCATA,GTCGTGAATTCGGCAGGTTTA
AY186,nisB_1,other,GGGAGAGTTGCCGATGTTGTA,AGCCACTCGTTAAAGGGCAAT
AY218,qacE∆1_1,other,TCGCAACATCCGCATTAAAA,ATGGATTTCAGAACCAGAGAAAGAAA
AY236,qacE∆1_3,other,GTCGGTGTTGCTTATGCAGTCT,CAACCAGGCAATGGCTGTAA
AY29,catB3,phenicol,GCACTCGATGCCTTCCAAAA,AGAGCCGATCCAAACGTCAT
AY562,catQ,phenicol,AGGTGCACTTACAGTATGACTGC,AACGTGGGAAGTTCTCGTCATAC
AY37,cmxA,phenicol,GCGATCGCCATCCTCTGT,TCGACACGGAGCCTTGGT
AY566,floR,phenicol,AACCCGCCCTCTGGATCA,GCCGTCGAGAAGAAGACGAA
AY456,qepA,quinolone,GGGCATCGCGCTGTTC,GCGCATCGGTGAAGCC
AY458,qnrB_2,quinolone,CGACGTTCAGTGGTTCAGATCTC,GCCAAGCCGCTCCATGAG
AY459,qnrD,quinolone,CGCTGGAATGGCACTGTGA,GCTCTCCATCCAACTTCACTCC
AY460,qnrS_1,quinolone,CCACTTTGATGTCGCAGATCTTC,CCCTCTCCATATTGGCATAGGAAA
AY245,sul1_2,sulfonamide_trimethoprim,GCCGATGAGATCAGACGTATTG,CGCATAGCGCTGGGTTTC
AY365,sul2_2,sulfonamide_trimethoprim,TCATCTGCCAAACTCGTCGTTA,GTCAAAGAACGCCGCAATGT
AY244,sul3_1,sulfonamide_trimethoprim,TCCGTTCAGCGAATTGGTGCAG,TTCGTTCACGCCTTACACCAGC
AY241,sul4,sulfonamide_trimethoprim,TCAACGTCACTCCAGACAGC,TGGAAATAACGACGTCCACA
AY568,tet39,tetracycline,TATAGCGGGTCCGGTAATAGGTG,CCATAACGATCCTGCCCATAGATAAC
AY254,tetA_2,tetracycline,CTCACCAGCCTGACCTCGAT,CACGTTGTTATAGAAGCCGCATAG
AY571,tetD,tetracycline,AATTGCACTGCCTGCATTGC,GACAGATTGCCAGCAGCAGA
AY572,tetG,tetracycline,TCGCGTTCCTGCTTGCC,CCGCGAGCGACAAACCA
AY574,tetM,tetracycline,GGAGCGATTACAGAATTAGGAAGC,TCCATATGTCCTGGCGTGTC
AY263,tetW,tetracycline,ATGAACATTCCCACCGTTATCTTT,ATATCGGCGGAGAGCTTATCC
AY284,dfrA1_1,sulfonamide_trimethoprim,GGAATGGCCCTGATATTCCA,AGTCTTGCGTCCAACCAACAG
AY586,dfrA27,sulfonamide_trimethoprim,GCCGCTCAGGATCGGTA,GTCGAGATATGTAGCGTGTCG
AY595,vanA,glycopeptide_metronidazole,GGGCTGTGAGGTCGGTTG,TTCAGTACAATGCGGCCGTTA
AY159,vanB_1,glycopeptide_metronidazole,TTGTCGGCGAAGTGGATCA,AGCCTTTTTCCGGCTCGTT
AY381,vanTC_2,glycopeptide_metronidazole,ACAGTTGCCGCTGGTGAAG,CGTGGCTGGTCGATCAAAA
